{"cameraMode":{"drawMode":0,"name":"Shaded","section":"Shading Mode"},"sceneLighting":true,"audioPlay":false,"sceneViewState":{"m_AlwaysRefresh":false,"showFog":true,"showSkybox":true,"showFlares":true,"showImageEffects":true,"showParticleSystems":true,"showVisualEffectGraphs":true,"m_FxEnabled":true},"in2DMode":false,"pivot":{"x":353.87896728515627,"y":325.5391845703125,"z":-163.58094787597657},"rotation":{"x":-0.1981794834136963,"y":-0.000580399704631418,"z":0.00011041013931389898,"w":-0.9801693558692932},"size":39.138572692871097,"orthographic":false}