{"cameraMode":{"drawMode":0,"name":"Shaded","section":"Shading Mode"},"sceneLighting":false,"audioPlay":false,"sceneViewState":{"m_AlwaysRefresh":false,"showFog":true,"showSkybox":false,"showFlares":true,"showImageEffects":true,"showParticleSystems":true,"showVisualEffectGraphs":true,"m_FxEnabled":true},"in2DMode":false,"pivot":{"x":-3.987691640853882,"y":1.9023998975753785,"z":-1.3048546314239503},"rotation":{"x":0.3048146367073059,"y":0.47023671865463259,"z":-0.17716649174690247,"w":0.8090550303459168},"size":0.9665651917457581,"orthographic":false}