{"cameraMode":{"drawMode":0,"name":"Shaded","section":"Shading Mode"},"sceneLighting":false,"audioPlay":false,"sceneViewState":{"m_AlwaysRefresh":false,"showFog":true,"showSkybox":false,"showFlares":true,"showImageEffects":true,"showParticleSystems":true,"showVisualEffectGraphs":true,"m_FxEnabled":true},"in2DMode":false,"pivot":{"x":-2.117687225341797,"y":0.3476443290710449,"z":1.3639163970947266},"rotation":{"x":0.02726762555539608,"y":0.9586480259895325,"z":-0.26563259959220889,"w":0.09841468930244446},"size":0.9665651917457581,"orthographic":false}