{"cameraMode":{"drawMode":0,"name":"Shaded","section":"Shading Mode"},"sceneLighting":false,"audioPlay":false,"sceneViewState":{"m_AlwaysRefresh":false,"showFog":true,"showSkybox":false,"showFlares":true,"showImageEffects":true,"showParticleSystems":true,"showVisualEffectGraphs":true,"m_FxEnabled":true},"in2DMode":false,"pivot":{"x":-2.22426176071167,"y":0.11018645763397217,"z":-1.4773715734481812},"rotation":{"x":0.13846763968467713,"y":-0.8329530358314514,"z":0.24107185006141663,"w":0.4784703552722931},"size":2.0057806968688967,"orthographic":true}