{"cameraMode":{"drawMode":0,"name":"Shaded","section":"Shading Mode"},"sceneLighting":false,"audioPlay":false,"sceneViewState":{"m_AlwaysRefresh":false,"showFog":true,"showSkybox":false,"showFlares":true,"showImageEffects":true,"showParticleSystems":true,"showVisualEffectGraphs":true,"m_FxEnabled":true},"in2DMode":false,"pivot":{"x":-3.6322896480560304,"y":1.0935769081115723,"z":-0.7335776686668396},"rotation":{"x":0.3080485463142395,"y":0.4185090661048889,"z":-0.15339097380638123,"w":0.8404887318611145},"size":0.9665651917457581,"orthographic":false}