{"cameraMode":{"drawMode":0,"name":"Shaded","section":"Shading Mode"},"sceneLighting":false,"audioPlay":false,"sceneViewState":{"m_AlwaysRefresh":false,"showFog":true,"showSkybox":false,"showFlares":true,"showImageEffects":true,"showParticleSystems":true,"showVisualEffectGraphs":true,"m_FxEnabled":true},"in2DMode":false,"pivot":{"x":-0.25741851329803469,"y":1.8635649681091309,"z":0.14563262462615968},"rotation":{"x":0.3157479465007782,"y":-0.5473219156265259,"z":0.23386254906654359,"w":0.7389506697654724},"size":0.9665651917457581,"orthographic":false}